"date","hour","Longitude","Latitude","inSmoke"
20060701,9.84011077880859,-101.533966064453,67.460205078125,FALSE
20060701,11.5717258453369,-137.960083007812,49.9411849975586,NA
20060701,11.6247406005859,-142.006286621094,38.6344985961914,NA
20060701,11.6323919296265,-142.521148681641,36.9283676147461,NA
20060701,11.647557258606,-143.440979003906,33.7277793884277,NA
20060701,11.6550731658936,-143.910659790039,32.0174674987793,NA
20060701,13.1818733215332,-158.621826171875,58.034309387207,NA
20060701,19.5314502716064,-106.845352172852,66.7733764648438,FALSE
20060701,22.6761569976807,-140.112533569336,34.664608001709,NA
20060701,22.6838092803955,-140.562515258789,36.2290191650391,NA
20060701,22.7974872589111,-150.949142456055,60.4742240905762,NA
20060703,9.65033721923828,-101.565467834473,64.3159713745117,FALSE
20060703,12.9541149139404,-152.259887695312,62.8067779541016,NA
20060703,12.9692821502686,-154.575988769531,59.5774345397949,NA
20060703,20.8836135864258,-116.590423583984,47.649471282959,FALSE
20060703,20.9214611053467,-120.225883483887,55.6400680541992,TRUE
20060703,22.5773811340332,-145.894577026367,57.3424110412598,NA
20060703,22.5848960876465,-146.856018066406,58.9355850219727,NA
20060703,22.6228809356689,-153.212326049805,66.7811737060547,NA
20060704,10.4174308776855,-118.715034484863,54.8002815246582,TRUE
20060704,10.4780979156494,-123.996322631836,41.852222442627,FALSE
20060704,19.9496040344238,-102.08757019043,46.0739707946777,TRUE
20060704,19.9513969421387,-102.236892700195,46.4719352722168,TRUE
20060704,19.9644908905029,-103.335800170898,49.2555732727051,TRUE
20060704,19.9719352722168,-104.010437011719,50.8421173095703,TRUE
20060704,19.9737300872803,-104.185043334961,51.238094329834,TRUE
20060704,19.9774494171143,-104.542114257812,52.0299530029297,TRUE
20060704,19.9848957061768,-105.289337158203,53.6104507446289,TRUE
20060704,19.9886169433594,-105.680847167969,54.3992233276367,TRUE
20060704,19.9905471801758,-105.881393432617,54.7930564880371,TRUE
20060704,19.9923400878906,-106.08553314209,55.186939239502,TRUE
20060704,21.63108253479,-129.811096191406,53.1996459960938,FALSE
20060704,21.6385250091553,-130.593902587891,54.7769317626953,NA
20060705,11.2074337005615,-135.356796264648,40.1867218017578,NA
20060705,11.2301158905029,-136.836624145508,35.2850532531738,NA
20060705,12.7720804214478,-152.462982177734,58.027530670166,NA
20060705,12.7872476577759,-154.274551391602,54.7581405639648,NA
20060705,12.8100643157959,-156.522659301758,49.9257354736328,NA
20060705,20.5875110626221,-107.445854187012,28.0287094116211,NA
20060705,20.6633453369141,-112.28987121582,44.3802337646484,FALSE
20060705,20.7391777038574,-120.008796691895,60.3997917175293,FALSE
20060705,20.7543430328369,-122.437507629395,63.6204414367676,NA
20060705,22.2355861663818,-132.16520690918,28.019868850708,NA
20060705,22.2507514953613,-133.001907348633,31.2294979095459,NA
20060706,21.3331146240234,-119.644371032715,33.2347564697266,NA
20060706,21.3423538208008,-120.209678649902,35.2438468933105,FALSE
20060706,21.3572406768799,-121.160369873047,38.4547309875488,FALSE
20060706,21.3666133880615,-121.787391662598,40.4569931030273,FALSE
20060706,21.374059677124,-122.310607910156,42.0576438903809,FALSE
20060706,21.3758525848389,-122.444328308105,42.4569931030273,FALSE
20060706,21.3907413482666,-123.568336486816,45.6504135131836,FALSE
20060706,21.4019069671631,-124.480941772461,48.0392265319824,FALSE
20060707,12.620156288147,-154.732696533203,46.7003593444824,NA
20060707,12.6884737014771,-159.384628295898,32.0141944885254,NA
20060707,22.0460910797119,-129.93196105957,31.2782707214355,NA
20060707,22.0915908813477,-132.811569213867,41.0915946960449,NA
20060707,23.6867389678955,-154.250930786133,29.7503452301025,NA
20060707,23.6943855285645,-154.665405273438,31.3190250396729,NA
20060707,23.7247200012207,-156.545745849609,37.9390525817871,NA
20060707,23.7398891448975,-157.548492431641,41.1320724487305,NA
20060707,23.755054473877,-158.680404663086,44.459888458252,NA
20060708,9.98465538024902,-109.772964477539,59.6044158935547,NA
20060708,10.0604877471924,-117.248931884766,43.5668563842773,FALSE
20060708,11.6934261322021,-140.814407348633,46.7443733215332,NA
20060708,11.708592414856,-141.969009399414,43.5665168762207,NA
20060708,11.7844247817993,-146.754486083984,27.1368751525879,NA
20060708,21.1317615509033,-116.781867980957,34.0273666381836,FALSE
20060708,21.1597480773926,-118.573318481445,40.0459938049316,FALSE
20060708,21.1671905517578,-119.091194152832,41.6463851928711,FALSE
20060709,10.7670860290527,-126.922904968262,46.7175674438477,NA
20060709,10.7897682189941,-128.652648925781,41.840087890625,NA
20060709,10.7974185943604,-129.182647705078,40.2097434997559,NA
20060709,10.8429183959961,-132.014083862305,30.3929424285889,NA
20060709,12.4985647201538,-157.145462036133,28.8166580200195,NA
20060709,22.0078754425049,-143.944900512695,66.7627487182617,NA
20060709,23.5954780578613,-159.656021118164,54.1535720825195,NA
20060710,11.389835357666,-124.691017150879,67.5033950805664,NA
20060710,11.4733190536499,-136.426177978516,49.9920120239258,NA
20060710,11.5643186569214,-142.822998046875,30.4290904998779,NA
20060711,10.4711084365845,-112.515762329102,65.8612060546875,FALSE
20060711,10.5847873687744,-125.568176269531,41.8417053222656,FALSE
20060711,20.0941257476807,-107.113250732422,54.1231498718262,FALSE
20060711,21.719518661499,-129.635955810547,49.2760009765625,FALSE
20060711,21.7498531341553,-132.621170043945,55.6473274230957,FALSE
20060711,21.7877006530762,-137.93586730957,63.6474952697754,FALSE
20060711,23.3526229858398,-153.073989868164,45.9978103637695,FALSE
20060711,23.3601360321045,-153.720413208008,47.6907119750977,FALSE
20060712,11.3440589904785,-138.823654174805,33.8043098449707,FALSE
20060712,20.6829395294189,-108.410934448242,25.6169185638428,NA
20060712,20.7481479644775,-112.294731140137,39.6905250549316,TRUE
20060713,10.273681640625,-110.871528625488,64.3108062744141,NA
20060713,11.9369773864746,-138.07844543457,61.1625175476074,NA
20060713,12.0658264160156,-149.659240722656,33.7434844970703,FALSE
20060713,23.1248645782471,-148.292053222656,41.1126365661621,FALSE
20060714,11.1011648178101,-133.284957885742,41.8977470397949,NA
20060714,20.5710868835449,-111.250213623047,45.6900100708008,NA
20060714,20.598934173584,-113.674308776855,51.649341583252,NA
20060714,20.6063804626465,-114.410194396973,53.2302169799805,NA
20060714,20.6101016998291,-114.795989990234,54.0199203491211,NA
20060715,10.2506093978882,-124.016105651855,25.4752159118652,NA
20060715,21.2411918640137,-118.515914916992,34.6139907836914,NA
20060715,21.2715244293213,-120.473419189453,41.0780754089355,NA
20060715,21.3625240325928,-129.332321166992,60.4247856140137,NA
20060715,21.4005088806152,-136.411499023438,68.2871551513672,NA
20060716,9.32385349273682,-110.103759765625,25.5168914794922,NA
20060716,10.8127470016479,-122.140853881836,59.6327781677246,FALSE
20060716,10.8734140396118,-128.470031738281,46.7736358642578,FALSE
20060716,10.9037466049194,-130.733154296875,40.2660942077637,FALSE
20060716,10.9340801239014,-132.65885925293,33.7995948791504,FALSE
20060716,20.3343772888184,-105.879821777344,38.8975791931152,FALSE
20060716,20.3864898681641,-109.89714050293,50.0674209594727,FALSE
20060716,21.9676036834717,-129.637939453125,35.6734771728516,FALSE
20060716,22.004825592041,-132.169174194336,43.6837005615234,FALSE
20060716,22.0066184997559,-132.308975219727,44.0830001831055,FALSE
20060716,22.0085487365723,-132.450210571289,44.4821395874023,FALSE
20060716,22.0532150268555,-136.427703857422,54.0080833435059,FALSE
20060717,9.8788423538208,-107.192390441895,61.1664581298828,FALSE
20060717,9.90152645111084,-110.184097290039,56.3949851989746,FALSE
20060717,9.93951034545898,-113.926696777344,48.4143562316895,FALSE
20060717,11.5496559143066,-134.907073974609,56.3885459899902,FALSE
20060717,11.5951557159424,-139.310165405273,46.7162055969238,FALSE
20060717,11.648307800293,-143.050689697266,35.3062896728516,FALSE
20060717,11.6861553192139,-145.247009277344,27.1075401306152,FALSE
20060717,13.1977872848511,-159.630554199219,56.3799209594727,NA
20060717,19.5550174713135,-110.490715026855,69.7477951049805,NA
20060717,21.0134410858154,-114.097358703613,29.7007141113281,FALSE
20060717,21.0210933685303,-114.511444091797,31.269510269165,FALSE
20060717,22.8362216949463,-156.366012573242,66.7953109741211,NA
20060717,22.8437385559082,-158.099243164062,68.3276901245117,NA
20060717,22.8513889312744,-159.972702026367,69.7762603759766,NA
20060718,20.0922222137451,-100.502891540527,30.8701820373535,NA
20060718,20.1778335571289,-106.482315063477,49.279369354248,FALSE
20060718,21.7309627532959,-124.692962646484,28.8406219482422,NA
20060718,21.7550888061523,-126.097465515137,34.0718574523926,FALSE
20060718,21.8091297149658,-129.800827026367,45.6839027404785,FALSE
20060719,9.65860557556152,-101.630172729492,64.3039321899414,FALSE
20060719,9.81792259216309,-116.596481323242,30.3926811218262,FALSE
20060719,12.9928522109985,-156.549758911133,56.375244140625,FALSE
20060719,19.327262878418,-102.209335327148,65.1548233032227,FALSE
20060719,20.9753360748291,-126.919242858887,65.1465682983398,FALSE
20060719,22.6236343383789,-151.678329467773,65.1844940185547,FALSE
20060720,0.0897374749183655,-159.613052368164,26.389741897583,NA
20060720,8.91384506225586,-103.93807220459,25.5063495635986,FALSE
20060720,10.3950881958008,-114.89771270752,61.2062454223633,FALSE
20060720,10.4937400817871,-124.568466186523,40.2560195922852,FALSE
20060720,10.5619201660156,-128.657318115234,25.5135936737061,FALSE
20060720,19.9858551025391,-104.608856201172,52.0606575012207,FALSE
20060720,21.6134300231934,-127.475547790527,47.6819725036621,FALSE
20060720,21.6394844055176,-129.878784179688,53.2312316894531,FALSE
20060721,12.757360458374,-149.23210144043,62.8031272888184,NA
20060721,12.8256807327271,-157.20100402832,48.4057273864746,NA
20060721,19.1298408508301,-100.737701416016,66.7779693603516,FALSE
20060721,20.6792640686035,-112.922172546387,45.9777679443359,FALSE
20060721,20.6869163513184,-113.567970275879,47.6708869934082,FALSE
20060721,20.7324161529541,-118.134170532227,57.330810546875,FALSE
20060721,22.4031715393066,-145.991622924805,62.0825157165527,NA
20060721,22.4183387756348,-148.55827331543,65.1457138061523,NA
20060722,11.9444484710693,-146.697616577148,38.6801948547363,NA
20060722,21.3078575134277,-117.814842224121,26.0352020263672,NA
20060722,21.3339138031006,-119.270294189453,31.6757030487061,FALSE
20060722,21.3470077514648,-120.046211242676,34.4900550842285,FALSE
20060722,21.3879547119141,-122.784828186035,43.3060073852539,FALSE
20060722,21.3953971862793,-123.347183227539,44.9024047851562,FALSE
20060722,21.3991222381592,-123.637672424316,45.6997261047363,FALSE
20060722,21.4177322387695,-125.200378417969,49.6772193908691,FALSE
20060722,21.4381351470947,-127.184555053711,54.0293846130371,FALSE
20060723,12.5524253845215,-146.153915405273,62.7939834594727,FALSE
20060723,20.5880107879639,-125.976844787598,69.7619323730469,NA
20060723,22.1982383728027,-142.915786743164,62.0927696228027,FALSE
20060723,22.2057514190674,-144.165634155273,63.6636581420898,FALSE
20060724,10.0685653686523,-117.297622680664,43.5676727294922,FALSE
20060724,10.09889793396,-119.408493041992,36.9714012145996,FALSE
20060724,11.6179885864258,-130.967025756836,64.3357162475586,TRUE
20060724,11.6483211517334,-135.49040222168,58.0885429382324,TRUE
20060724,11.6938209533691,-140.199523925781,48.4414405822754,FALSE
20060724,21.10471534729,-114.833587646484,26.4495983123779,NA
20060724,21.1084384918213,-115.035690307617,27.2558422088623,NA
20060724,21.1568260192871,-117.901519775391,37.711727142334,FALSE
20060724,21.2034225463867,-121.314826965332,47.7016868591309,FALSE
20060724,21.2220325469971,-122.983001708984,51.6693420410156,FALSE
20060724,21.2238254547119,-123.162956237793,52.064826965332,TRUE
20060724,21.2294788360596,-123.719772338867,53.2505187988281,FALSE
20060725,20.3296451568604,-112.906494140625,58.8894119262695,TRUE
20060725,21.8563861846924,-127.351226806641,32.9497489929199,FALSE
20060725,21.8715534210205,-128.257537841797,36.1517295837402,FALSE
20060725,22.0080528259277,-142.358581542969,65.1107864379883,FALSE
20060725,22.0232181549072,-145.681976318359,68.2606048583984,NA
20060725,22.0308704376221,-147.545959472656,69.7106857299805,NA
20060725,23.4743499755859,-150.350463867188,26.354097366333,NA
20060726,9.89382457733154,-116.327354431152,36.9593620300293,FALSE
20060726,9.94697570800781,-119.410766601562,25.4820499420166,NA
20060726,11.3978843688965,-124.755401611328,67.4880447387695,FALSE
20060726,11.4509000778198,-133.37353515625,56.4102897644043,FALSE
20060726,11.4660663604736,-134.992568969727,53.2722587585449,FALSE
20060726,21.0315971374512,-121.399459838867,54.7881889343262,FALSE
20060727,10.4639778137207,-109.174438476562,68.892822265625,FALSE
20060727,10.494309425354,-115.282829284668,62.7714347839355,FALSE
20060727,10.5853109359741,-125.052749633789,43.503345489502,FALSE
20060727,20.0260810852051,-100.968231201172,37.8889465332031,FALSE
20060727,20.1702327728271,-117.90966796875,68.288459777832,TRUE
20060728,9.59760570526123,-105.548332214355,56.448543548584,TRUE
20060728,20.6963806152344,-108.758827209473,26.8280849456787,NA
20060728,20.6981735229492,-108.860122680664,27.2312183380127,NA
20060728,20.7001056671143,-108.962173461914,27.634895324707,NA
20060728,20.7484912872314,-111.84610748291,38.0886077880859,TRUE
20060728,20.7502861022949,-111.968353271484,38.4891967773438,TRUE
20060728,20.7745475769043,-113.66463470459,43.6911735534668,FALSE
20060728,20.8284530639648,-118.52677154541,55.1976699829102,FALSE
20060729,12.0432558059692,-147.78190612793,40.2087287902832,NA
20060729,23.1174907684326,-147.339782714844,37.9335327148438,NA
20060730,9.40018653869629,-103.329925537109,54.8269233703613,TRUE
20060730,9.40770149230957,-104.095008850098,53.2908134460449,TRUE
20060730,11.1619424819946,-136.698791503906,30.4394092559814,FALSE
20060730,11.1771097183228,-137.544738769531,27.1565475463867,FALSE
20060730,20.4929618835449,-105.765197753906,27.1924438476562,FALSE
20060730,20.5711269378662,-110.705528259277,44.0518608093262,FALSE
20060730,20.5729198455811,-110.846626281738,44.4506683349609,FALSE
20060730,20.5860176086426,-111.880630493164,47.2407379150391,TRUE
20060731,10.0612344741821,-104.728759765625,67.449577331543,FALSE
20060731,10.144718170166,-116.425926208496,49.9365234375,FALSE
20060731,10.1673994064331,-118.326568603516,45.0745468139648,TRUE
20060731,13.3877725601196,-159.777435302734,61.1367301940918,FALSE
20060731,19.6843929290771,-100.228401184082,52.5444145202637,FALSE
20060731,21.2111358642578,-116.378173828125,26.3749656677246,NA
20060731,21.2186489105225,-116.810325622559,28.0896072387695,NA
20060731,21.271800994873,-120.030700683594,39.5528411865234,FALSE
20060731,21.3551502227783,-127.441902160645,57.3467788696289,FALSE
20060731,21.3703136444092,-129.399810791016,60.458381652832,FALSE
20070701,22.177619934082,-132.126190185547,33.8921928405762,FALSE
20070701,22.2539939880371,-137.673950195312,50.280933380127,FALSE
20070701,22.2800483703613,-140.30778503418,55.8120574951172,FALSE
20070701,22.2930068969727,-141.877243041992,58.5565147399902,FALSE
20070701,22.3135471343994,-144.83935546875,62.8306198120117,FALSE
20070701,22.330228805542,-147.90657043457,66.2771759033203,TRUE
20070701,22.3339519500732,-148.694198608398,67.0345306396484,TRUE
20070701,22.3433246612549,-150.881164550781,68.912353515625,FALSE
20070702,10.1805963516235,-118.838134765625,43.515079498291,FALSE
20070702,10.2032766342163,-120.423614501953,38.6231575012207,FALSE
20070702,11.8438663482666,-144.66032409668,40.1768264770508,FALSE
20070702,11.8893642425537,-147.476058959961,30.3571300506592,FALSE
20070702,19.689603805542,-100.048278808594,52.5227165222168,FALSE
20070702,22.9250869750977,-144.604537963867,39.5310821533203,FALSE
20070702,22.9402523040771,-145.663040161133,42.792423248291,FALSE
20070702,23.0312519073486,-155.094299316406,62.0942611694336,FALSE
20070702,23.05393409729,-159.242980957031,66.7776107788086,TRUE
20070703,20.3504219055176,-106.012153625488,39.6326560974121,TRUE
20070703,20.3968830108643,-109.586212158203,49.607608795166,FALSE
20070703,20.4080467224121,-110.619987487793,51.9861373901367,FALSE
20070703,20.421142578125,-111.94921875,54.750316619873,FALSE
20070703,20.4323081970215,-113.218574523926,57.1090049743652,FALSE
20070703,20.4769763946533,-120.218269348145,66.3925933837891,FALSE
20070703,21.9370498657227,-127.069541931152,26.3531894683838,NA
20070703,21.9817180633545,-129.645614624023,36.0136489868164,FALSE
20070703,21.987232208252,-129.99853515625,37.2181739807129,FALSE
20070703,22.0859375,-138.623962402344,58.2755928039551,FALSE
20070703,22.1398429870605,-148.415222167969,69.3886337280273,TRUE
20070704,9.89892959594727,-108.331420898438,59.5675354003906,FALSE
20070704,9.91409683227539,-110.230743408203,56.3779678344727,FALSE
20070704,9.92161083221436,-111.078948974609,54.7750205993652,FALSE
20070704,9.95194435119629,-113.949699401855,48.3936805725098,FALSE
20070704,13.179967880249,-155.479766845703,62.7840194702148,NA
20070704,19.514102935791,-100.400054931641,58.9244651794434,FALSE
20070704,19.5292701721191,-102.567039489746,62.0924987792969,FALSE
20070704,19.56711769104,-110.293495178223,69.7605514526367,NA
20070704,21.0938339233398,-118.415924072266,44.4086570739746,FALSE
20070704,21.1621513366699,-125.112831115723,58.9148941040039,FALSE
20070704,21.1773166656494,-127.279106140137,62.083854675293,FALSE
20070704,21.1999988555908,-131.423400878906,66.766975402832,FALSE
20070704,21.2076511383057,-133.142333984375,68.3015213012695,FALSE
20070704,22.8481025695801,-156.15202331543,66.7709121704102,NA
20070705,9.04767513275146,-101.842430114746,43.5513801574707,FALSE
20070705,20.0990905761719,-100.142196655273,29.806884765625,FALSE
20070705,20.104606628418,-100.459121704102,31.014310836792,FALSE
20070705,20.1288681030273,-101.907760620117,36.2414398193359,FALSE
20070705,20.1827697753906,-105.788497924805,47.8362503051758,FALSE
20070705,21.7582340240479,-125.50048828125,32.2120399475098,FALSE
20070705,21.7768459320068,-126.625930786133,36.2313423156738,FALSE
20070705,21.8941631317139,-137.463775634766,61.213680267334,FALSE
20070705,21.8959560394287,-137.742965698242,61.6016654968262,FALSE
20070705,21.9127731323242,-140.574783325195,65.0672225952148,FALSE
20070705,21.9202194213867,-142.058883666992,66.5893936157227,FALSE
20070706,11.46253490448,-140.406112670898,33.7191390991211,FALSE
20070706,11.4928684234619,-142.150039672852,27.0845203399658,FALSE
20070706,19.3537750244141,-105.347373962402,68.3070373535156,FALSE
20070706,20.8956565856934,-115.893241882324,45.9603385925293,FALSE
20070706,20.9941711425781,-128.336303710938,66.7644805908203,FALSE
20070706,21.0018215179443,-130.054779052734,68.2990341186523,FALSE
20070706,22.6576919555664,-156.709228515625,69.8027877807617,FALSE
20070707,10.5505323410034,-127.394813537598,30.4164619445801,FALSE
20070707,19.9609851837158,-101.4296875,44.4038391113281,FALSE
20070707,20.0297775268555,-108.205238342285,59.0383033752441,FALSE
20070707,20.0391502380371,-109.497245788574,60.984935760498,FALSE
20070707,20.0428733825684,-110.054206848145,61.7605056762695,FALSE
20070707,21.5903797149658,-124.810096740723,40.4021949768066,FALSE
20070707,21.6834354400635,-133.6826171875,60.2043266296387,FALSE
20070707,21.7114181518555,-138.36149597168,65.9824752807617,FALSE
20070708,11.2111520767212,-134.306747436523,43.5314102172852,FALSE
20070708,11.2263193130493,-135.406661987305,40.2007064819336,FALSE
20070708,11.2414855957031,-136.404693603516,36.9336776733398,FALSE
20070708,11.2566518783569,-137.320266723633,33.7314796447754,FALSE
20070708,12.7605762481689,-148.059936523438,64.3051910400391,FALSE
20070708,19.1402969360352,-100.544036865234,66.7723693847656,FALSE
20070708,19.1554622650146,-104.122589111328,69.7578353881836,FALSE
20070708,20.621509552002,-108.259963989258,31.2627410888672,FALSE
20070708,20.7883415222168,-125.252883911133,66.764892578125,TRUE
20070708,22.4515571594238,-153.541091918945,69.7422866821289,FALSE
20070709,11.8638782501221,-138.63591003418,58.0705642700195,FALSE
20070709,19.8720989227295,-113.859649658203,68.9391479492188,FALSE
20070710,11.0508213043213,-134.237442016602,33.7296180725098,FALSE
20070710,11.0583372116089,-134.704635620117,32.0186576843262,FALSE
20070710,20.4005126953125,-104.344589233398,28.0547924041748,FALSE
20070710,22.056209564209,-129.484771728516,29.6875839233398,FALSE
20070710,22.1850566864014,-139.62548828125,57.312385559082,FALSE
20070710,22.2305583953857,-146.887222290039,66.7592239379883,TRUE
20070711,11.6050319671631,-126.208396911621,68.9478607177734,TRUE
20070711,19.6178798675537,-102.001670837402,58.9775352478027,FALSE
20070711,19.6216011047363,-102.501197814941,59.7582359313965,FALSE
20070711,19.6290454864502,-103.564025878906,61.3129653930664,FALSE
20070711,19.6625461578369,-109.863861083984,68.1936950683594,FALSE
20070711,21.1244144439697,-115.322784423828,28.6805210113525,FALSE
20070711,21.1710109710693,-118.121238708496,38.7305335998535,FALSE
20070711,21.2100238800049,-120.982749938965,47.1227111816406,FALSE
20070711,21.2156753540039,-121.44898223877,48.3168983459473,FALSE
20070711,21.2360782623291,-123.326393127441,52.6779289245605,FALSE
20070711,21.3030796051025,-132.898788452148,66.677848815918,TRUE
20070712,10.6932573318481,-115.743263244629,65.8582305908203,FALSE
20070712,10.7312421798706,-121.663024902344,58.0497932434082,FALSE
20070712,10.7767419815063,-126.337135314941,48.3974113464355,FALSE
20070712,12.3641510009766,-144.36457824707,61.1546401977539,FALSE
20070712,12.5006494522095,-156.342681884766,32.0124320983887,NA
20070712,20.3009185791016,-108.591606140137,50.8277397155762,FALSE
20070712,20.3464164733887,-113.772453308105,60.4389495849609,FALSE
20070712,21.96413230896,-134.836471557617,54.1121940612793,FALSE
20070712,22.0399627685547,-147.385406494141,69.7490463256836,TRUE
20070712,23.4983882904053,-151.124923706055,29.6912593841553,NA
20070714,20.1860160827637,-119.601127624512,69.7631759643555,FALSE
20070714,21.8340644836426,-144.311721801758,69.7553100585938,FALSE
20070714,23.3608055114746,-152.445449829102,44.4111251831055,FALSE
20070715,9.56789398193359,-100.171020507812,64.3249893188477,FALSE
20070715,9.72721099853516,-115.064682006836,30.4009075164795,NA
20070715,11.2994270324707,-134.716613769531,46.7358131408691,FALSE
20070715,11.3297595977783,-136.965759277344,40.2258682250977,FALSE
20070715,20.7090301513672,-108.954399108887,27.8871154785156,NA
20070715,20.7276420593262,-110.003860473633,31.9149265289307,NA
20070715,20.7723083496094,-112.846611022949,41.5475807189941,FALSE
20070715,20.8263473510742,-117.352546691895,53.0860481262207,TRUE
20070715,20.8504753112793,-120.077842712402,58.1994705200195,TRUE
20070715,20.8635692596436,-121.845428466797,60.9281921386719,FALSE
20070715,20.8690853118896,-122.688095092773,62.0915565490723,FALSE
20070715,20.8728065490723,-123.282684326172,62.8643035888672,FALSE
20070715,22.3784656524658,-134.885559082031,32.5068321228027,NA
20070715,22.3970775604248,-136.01708984375,36.5261306762695,FALSE
20070715,22.4771728515625,-142.354583740234,53.6675262451172,FALSE
20070716,10.3650131225586,-120.174781799316,48.3828392028809,FALSE
20070716,21.4235534667969,-119.388442993164,26.3509616851807,NA
20070716,21.438720703125,-120.240013122559,29.7081413269043,NA
20070716,21.4993858337402,-124.080047607422,42.7932319641113,FALSE
20070716,21.5600528717041,-129.464920043945,55.6622886657715,FALSE
20070716,21.597900390625,-134.753509521484,63.6675262451172,TRUE
20070716,23.2156410217285,-155.111450195312,57.3323516845703,FALSE
20070716,23.2232933044434,-156.066558837891,58.926441192627,FALSE
20070717,11.0856676101685,-130.955673217773,48.4771041870117,FALSE
20070717,20.5944652557373,-111.895782470703,47.544979095459,TRUE
20070717,20.5999774932861,-112.36791229248,48.737979888916,TRUE
20070717,20.6037006378174,-112.693267822266,49.5325622558594,TRUE
20070717,20.6130752563477,-113.546020507812,51.514949798584,TRUE
20070717,20.6279640197754,-115.04948425293,54.6758003234863,FALSE
20070717,20.6465740203857,-117.238578796387,58.6018486022949,FALSE
20070717,22.1772193908691,-132.076065063477,33.5087471008301,FALSE
20070717,22.1828708648682,-132.412948608398,34.7151145935059,FALSE
20070717,22.2256088256836,-135.289474487305,43.9306983947754,FALSE
20070717,22.2722053527832,-139.365219116211,53.8612632751465,FALSE
20070717,22.2851638793945,-140.802429199219,56.616886138916,FALSE
20070718,19.744026184082,-106.967010498047,63.6885681152344,FALSE
20070718,21.3617401123047,-127.310585021973,57.3451538085938,NA
20070718,21.3769073486328,-129.256378173828,60.458179473877,NA
20070718,22.8809680938721,-141.880966186523,29.7190189361572,NA
20070719,10.9253406524658,-131.273880004883,38.7009010314941,FALSE
20070719,10.940505027771,-132.262115478516,35.3586273193359,FALSE
20070719,20.3809146881104,-108.19206237793,45.9067802429199,FALSE
20070719,20.3864307403564,-108.641151428223,47.1017913818359,TRUE
20070719,20.4050388336182,-110.267227172852,51.0745048522949,TRUE
20070719,20.4181365966797,-111.549949645996,53.8425483703613,FALSE
20070719,20.4199275970459,-111.744941711426,54.2370719909668,TRUE
20070719,20.4255809783936,-112.349411010742,55.4189414978027,TRUE
20070719,20.44970703125,-115.387435913086,60.5073928833008,FALSE
20070719,21.9656143188477,-128.654739379883,32.2745170593262,NA
20070719,21.9936008453369,-130.377731323242,38.3003730773926,FALSE
20070719,22.1127090454102,-142.426849365234,63.5936470031738,FALSE
20070719,22.1164321899414,-143.080505371094,64.3619384765625,FALSE
20070719,22.1219463348389,-144.125961303711,65.5093460083008,NA
20070720,9.86205005645752,-101.703643798828,67.4929351806641,FALSE
20070720,11.6466541290283,-142.107330322266,38.6521186828613,FALSE
20070720,21.0118675231934,-113.225372314453,26.3712921142578,NA
20070720,21.0648822784424,-116.359016418457,37.9185447692871,FALSE
20070720,22.6751384735107,-138.800140380859,29.7327976226807,NA
20070721,10.7271604537964,-128.707763671875,36.9795112609863,FALSE
20070721,20.122974395752,-101.522651672363,34.712100982666,FALSE
20070721,20.128490447998,-101.866851806641,35.9175605773926,FALSE
20070721,20.1359329223633,-102.338249206543,37.523063659668,FALSE
20070721,20.1378631591797,-102.458396911621,37.9239044189453,FALSE
20070721,20.1731548309326,-104.967704772949,45.5241966247559,TRUE
20070721,20.2123069763184,-108.473510742188,53.8582725524902,FALSE
20070721,20.2681407928467,-116.341514587402,65.5327758789062,FALSE
20070721,21.7746734619141,-126.469703674316,35.5067100524902,FALSE
20070721,21.852840423584,-132.440887451172,52.269645690918,FALSE
20070721,21.871452331543,-134.411392211914,56.2132606506348,FALSE
20070721,21.9031581878662,-138.732177734375,62.8385772705078,FALSE
20070721,21.9068813323975,-139.354598999023,63.6090278625488,FALSE
20070721,21.9086723327637,-139.677810668945,63.9938507080078,FALSE
20070722,19.339714050293,-102.078758239746,65.1476058959961,FALSE
20070722,20.9877624511719,-126.789512634277,65.1404266357422,FALSE
20070722,20.9952754974365,-128.382049560547,66.758171081543,FALSE
20070722,22.5299739837646,-139.563049316406,42.8345794677734,FALSE
20070722,22.5451412200928,-140.688537597656,46.0160331726074,FALSE
20070722,22.5906429290771,-144.955718994141,55.7035789489746,FALSE
20070723,10.3848323822021,-111.110717773438,65.8916091918945,FALSE
20070723,10.5668306350708,-128.289337158203,27.1267948150635,FALSE
20070723,20.0361862182617,-108.978385925293,60.1513519287109,FALSE
20070723,20.0381145477295,-109.241561889648,60.540958404541,TRUE
20070723,20.0716171264648,-115.223510742188,67.4460220336914,FALSE
20070723,21.539134979248,-121.645523071289,29.0870227813721,FALSE
20070723,21.6135787963867,-126.462776184082,45.1344375610352,FALSE
20070723,21.6228160858154,-127.203178405762,47.1273612976074,FALSE
20070723,21.6656894683838,-131.335800170898,56.2304458618164,FALSE
20070724,11.2501029968262,-136.932800292969,35.2879066467285,FALSE
20070724,12.7920112609863,-152.603149414062,58.043571472168,FALSE
20070724,12.7996625900269,-153.557159423828,56.3759651184082,FALSE
20070724,12.8071784973145,-154.405914306641,54.7725296020508,FALSE
20070724,19.1565914154053,-104.19605255127,69.7734527587891,NA
20070724,20.6151237487793,-107.903327941895,29.7094860076904,NA
20070724,20.8046379089355,-128.902786254883,69.7669067382812,NA
20070724,22.3238372802734,-136.46240234375,42.7873687744141,FALSE
20070724,22.3845043182373,-141.845993041992,55.6568565368652,FALSE
20070724,23.9264144897461,-158.21955871582,32.9821243286133,FALSE
20070725,10.209056854248,-112.985458374023,59.6454696655273,FALSE
20070725,11.8116035461426,-129.268737792969,69.0047149658203,FALSE
20070725,19.8545207977295,-109.843254089355,65.181510925293,FALSE
20070725,19.8750610351562,-114.416969299316,69.3305969238281,NA
20070726,10.8926725387573,-117.221527099609,67.4479217529297,NA
20070726,20.447208404541,-107.106376647949,37.9205017089844,FALSE
20070726,23.7356796264648,-156.043212890625,36.2054634094238,NA
20070726,23.7508449554443,-157.049011230469,39.5461730957031,NA
20070726,23.7584972381592,-157.54524230957,41.1062316894531,NA
20070727,10.0638208389282,-116.203598022461,46.7604484558105,TRUE
20070727,11.7118682861328,-140.921905517578,46.7646942138672,FALSE
20070727,19.609395980835,-100.874298095703,56.9990081787109,FALSE
20070727,19.6484107971191,-106.725280761719,65.1438598632812,FALSE
20070727,21.2146663665771,-121.335014343262,47.9031677246094,FALSE
20070727,21.2407207489014,-123.743858337402,53.4530792236328,FALSE
20070727,21.2722911834717,-127.511665344238,60.1237907409668,FALSE
20070727,21.3002758026123,-132.167465209961,65.9039611816406,TRUE
20070728,10.7168264389038,-119.681648254395,61.1713027954102,FALSE
20070728,12.4255685806274,-151.099273681641,48.4100570678711,NA
20070729,9.85805606842041,-113.126411437988,46.7391242980957,TRUE
20070729,11.4984521865845,-137.186889648438,48.4357948303223,FALSE
20070729,11.581937789917,-142.91325378418,30.4138565063477,NA
20070729,19.4649810791016,-108.726135253906,69.6845626831055,NA
20070729,20.9157085418701,-112.083992004395,27.8802604675293,FALSE
20070729,20.923152923584,-112.49641418457,29.492223739624,FALSE
20070729,20.9492073059082,-114.022468566895,35.1247596740723,FALSE
20070729,20.9995269775391,-117.501281738281,45.9345741271973,FALSE
20070729,21.0106925964355,-118.416557312012,48.322582244873,FALSE
20070729,21.0273742675781,-119.931243896484,51.8935508728027,FALSE
20070729,21.0925827026367,-128.736099243164,65.5443801879883,FALSE
20070729,21.1037483215332,-131.109527587891,67.816535949707,FALSE
20070730,12.1743059158325,-143.349456787109,58.0400924682617,FALSE
20070730,12.1969871520996,-145.910766601562,53.2322654724121,NA
20070730,12.2501392364502,-150.399978637695,41.8157157897949,NA
20070730,20.0352382659912,-100.932571411133,37.9016952514648,FALSE
20070730,20.0882530212402,-104.907203674316,49.2919502258301,TRUE
20070730,20.0959053039551,-105.561126708984,50.8376121520996,TRUE
20070730,21.8046169281006,-137.881607055664,63.6629104614258,FALSE
20070731,9.62154579162598,-107.252029418945,53.3103942871094,FALSE
20070731,9.75053024291992,-116.34871673584,25.5180168151855,NA
20070731,11.2847604751587,-133.451232910156,50.0185928344727,FALSE
20070731,20.7583351135254,-111.888832092285,38.3603897094727,FALSE
20070731,20.8067226409912,-115.501502990723,48.7450790405273,FALSE
20070731,20.8737239837646,-123.344375610352,62.882251739502,FALSE
20070731,20.8904037475586,-126.422454833984,66.3285827636719,FALSE
20070731,20.9034996032715,-129.409362792969,68.963020324707,NA
20070731,22.3827972412109,-135.139099121094,33.2636375427246,NA
20070731,22.4032020568848,-136.40625,37.6827850341797,FALSE
20070731,22.4423542022705,-139.19352722168,46.0820007324219,FALSE
20070731,22.4497985839844,-139.799194335938,47.6749076843262,NA
20070731,22.4813690185547,-142.769271850586,54.4110374450684,NA
20070731,22.4888114929199,-143.588302612305,55.985668182373,NA
20070731,22.4925346374512,-144.019866943359,56.771484375,NA
20080701,20.7275638580322,-118.115997314453,58.0807418823242,FALSE
20080701,22.2863483428955,-134.839477539062,39.0136222839355,FALSE
20080701,22.2993068695068,-135.735931396484,41.8163185119629,FALSE
20080701,22.3012351989746,-135.868957519531,42.216064453125,FALSE
20080701,22.3030281066895,-136.003311157227,42.6159248352051,FALSE
20080701,22.319845199585,-137.278610229492,46.2078247070312,FALSE
20080701,22.3328075408936,-138.366744995117,48.9921264648438,NA
20080701,22.3551406860352,-140.490585327148,53.7439270019531,NA
20080701,22.403528213501,-146.969787597656,63.8870239257812,NA
20080701,23.8822422027588,-156.428100585938,27.7505359649658,NA
20080702,11.8302059173584,-136.173400878906,61.1396369934082,NA
20080702,11.8908720016479,-142.890487670898,48.383903503418,NA
20080702,21.4075870513916,-124.574157714844,49.2595024108887,TRUE
20080703,10.9562969207764,-128.314498901367,50.0207901000977,NA
20080703,10.9638118743896,-128.953338623047,48.4739418029785,NA
20080703,10.9866313934326,-130.768981933594,43.6037178039551,NA
20080703,20.4940967559814,-111.907569885254,52.1008110046387,TRUE
20080703,20.5089855194092,-113.452896118164,55.257568359375,TRUE
20080703,20.5462093353271,-118.479057312012,63.0559310913086,NA
20080703,20.5481357574463,-118.792098999023,63.4409599304199,NA
20080703,20.553653717041,-119.779266357422,64.5921096801758,NA
20080703,22.0305442810059,-128.706726074219,28.0809803009033,NA
20080703,22.0509490966797,-129.87239074707,32.5108451843262,NA
20080703,22.0565986633301,-130.204681396484,33.7173194885254,NA
20080703,22.0677661895752,-130.890640258789,36.1275329589844,NA
20080703,22.0752105712891,-131.365829467773,37.7327194213867,NA
20080703,22.0807247161865,-131.732727050781,38.935733795166,NA
20080703,22.0826549530029,-131.857055664062,39.3362884521484,NA
20080703,22.0844478607178,-131.982650756836,39.7373962402344,NA
20080703,22.1142253875732,-134.167236328125,46.1305389404297,NA
20080703,22.1198787689209,-134.621154785156,47.3250846862793,NA
20080703,22.1216697692871,-134.776107788086,47.7229957580566,NA
20080703,22.1459331512451,-136.991241455078,52.8777084350586,NA
20080703,22.1588935852051,-138.375610351562,55.6373023986816,NA
20080703,22.2054882049561,-145.191009521484,65.343147277832,NA
20080703,22.2203769683838,-148.418334960938,68.3668670654297,NA
20080703,23.7529678344727,-158.163909912109,44.1245307922363,NA
20080704,9.96924686431885,-107.124031066895,62.8036689758301,FALSE
20080704,10.0527305603027,-116.340934753418,45.0890769958496,TRUE
20080704,11.6628484725952,-137.678436279297,53.245792388916,FALSE
20080704,11.7008323669434,-141.061813354492,45.0867195129395,FALSE
20080704,13.2731027603149,-157.799133300781,61.1527061462402,NA
20080704,19.6075706481934,-102.655616760254,60.456844329834,FALSE
20080704,21.1646461486816,-118.515663146973,41.0999145507812,TRUE
20080704,22.7974987030029,-142.232574462891,37.8883857727051,FALSE
20080704,22.9339981079102,-157.426223754883,66.7613983154297,NA
20080704,22.9415130615234,-159.152404785156,68.2946472167969,NA
20080705,10.7740488052368,-127.149719238281,45.1169319152832,FALSE
20080705,20.3199424743652,-113.998733520508,61.9979858398438,FALSE
20080705,20.3224964141846,-113.999374389648,61.998649597168,FALSE
20080705,20.3237018585205,-113.998275756836,61.9985961914062,FALSE
20080705,21.8826847076416,-129.129745483398,40.4616432189941,FALSE
20080705,21.906810760498,-130.908508300781,45.6554145812988,FALSE
20080705,21.9124622344971,-131.355926513672,46.850513458252,FALSE
20080705,21.9216995239258,-132.139175415039,48.8394393920898,FALSE
20080705,22.0055179595947,-143.15885925293,66.4115982055664,FALSE
20080705,22.0129623413086,-144.806045532227,67.9207000732422,TRUE
20080705,23.4621486663818,-149.732849121094,25.6322956085205,FALSE
20080705,23.4639415740967,-149.832656860352,26.036111831665,FALSE
20080705,23.4899978637695,-151.286346435547,31.6767654418945,FALSE
20080705,23.5160522460938,-152.876922607422,37.3029365539551,FALSE
20080705,23.5421085357666,-154.660339355469,42.9094772338867,FALSE
20080706,11.4730854034424,-136.098236083984,49.9077377319336,FALSE
20080706,19.432559967041,-104.909301757812,66.7698822021484,TRUE
20080706,19.4402122497559,-106.636993408203,68.3036422729492,TRUE
20080706,19.4477272033691,-108.503623962402,69.7528991699219,TRUE
20080706,20.9896335601807,-117.765144348145,47.6589965820312,TRUE
20080706,22.6000843048096,-139.664962768555,39.5645141601562,FALSE
20080706,22.6607513427734,-144.573089599609,52.5484848022461,FALSE
20080706,22.7062492370605,-150.21061706543,62.121883392334,FALSE
20080706,22.7440967559814,-157.98796081543,69.7837600708008,FALSE
20080707,21.6987152099609,-127.593963623047,45.0213356018066,TRUE
20080707,21.7079524993896,-128.33464050293,47.013355255127,TRUE
20080707,21.7153949737549,-128.96044921875,48.6046676635742,FALSE
20080707,21.7861175537109,-137.406219482422,63.5120887756348,FALSE
20080707,23.2595672607422,-146.79020690918,26.2006740570068,FALSE
20080707,23.2799701690674,-147.925033569336,30.6339340209961,FALSE
20080707,23.2930660247803,-148.686813354492,33.4503860473633,FALSE
20080707,23.3358020782471,-151.496566772461,42.6731262207031,FALSE
20080707,23.4028015136719,-157.652984619141,56.9484214782715,FALSE
20080708,9.62721920013428,-108.925552368164,48.3778991699219,TRUE
20080708,9.64238834381104,-110.185722351074,45.063045501709,TRUE
20080708,19.2424488067627,-105.400039672852,69.7387161254883,FALSE
20080708,20.8375072479248,-120.188491821289,58.9001655578613,TRUE
20080708,20.8905220031738,-130.107681274414,69.7324676513672,TRUE
20080709,21.4208545684814,-119.786727905273,29.3635711669922,FALSE
20080709,21.4245758056641,-119.997047424316,30.1690483093262,FALSE
20080709,21.4320201873779,-120.424751281738,31.7794628143311,FALSE
20080709,21.4710350036621,-122.882469177246,40.2104949951172,TRUE
20080709,21.4729633331299,-123.010643005371,40.6112747192383,TRUE
20080709,21.5157012939453,-126.361633300781,49.7822151184082,FALSE
20080709,21.5827007293701,-134.632705688477,63.8829460144043,FALSE
20080709,21.5901470184326,-136.006103515625,65.413932800293,FALSE
20080709,21.5975894927979,-137.534851074219,66.9325256347656,FALSE
20080709,23.0837230682373,-145.361801147461,32.5723075866699,FALSE
20080709,23.1154289245605,-147.348876953125,39.3979415893555,FALSE
20080709,23.1526508331299,-150.117324829102,47.3861503601074,FALSE
20080709,23.1953868865967,-154.308456420898,56.4841461181641,FALSE
20080709,23.1991100311279,-154.751861572266,57.2687683105469,FALSE
20080710,10.9789915084839,-118.228256225586,67.4654922485352,FALSE
20080710,12.7484273910522,-157.661315917969,41.8278656005859,FALSE
20080710,20.6628437042236,-121.880851745605,65.1780776977539,FALSE
20080710,22.2577686309814,-139.173706054688,54.1422691345215,FALSE
20080711,10.0750541687012,-108.682235717773,62.8221817016602,FALSE
20080711,11.7989635467529,-142.022262573242,46.7345924377441,FALSE
20080711,19.7405490875244,-108.948188781738,66.1772003173828,FALSE
20080711,21.2564563751221,-119.172203063965,38.1951713562012,TRUE
20080711,21.2807197570801,-120.854141235352,43.3987808227539,FALSE
20080711,21.2956085205078,-122.00577545166,46.5899810791016,FALSE
20080711,21.3849411010742,-132.911163330078,65.4027557373047,FALSE
20080711,22.9212532043457,-145.032958984375,41.7884330749512,FALSE
20080711,23.0385704040527,-158.753601074219,66.5319976806641,NA
20080712,20.4347515106201,-115.039276123047,60.4552536010742,TRUE
20080712,23.5719146728516,-151.490692138672,26.3952121734619,FALSE
20080713,11.5557022094727,-135.386734008789,54.8169403076172,FALSE
20080713,22.6702823638916,-139.018859863281,31.925121307373,FALSE
20080713,22.6963386535645,-140.616241455078,37.5505332946777,FALSE
20080713,22.7541007995605,-144.977416992188,49.9260902404785,FALSE
20080713,22.8042812347412,-150.642517089844,60.5450286865234,FALSE
20080713,22.8136577606201,-152.053665161133,62.4819984436035,FALSE
20080714,10.6825370788574,-126.211349487305,43.4937477111816,FALSE
20080714,21.8548412322998,-133.785003662109,55.6516227722168,FALSE
20080714,23.39697265625,-150.137557983398,33.0233955383301,FALSE
20080714,23.4044857025146,-150.594512939453,34.6613426208496,FALSE
20080715,19.3252201080322,-101.818519592285,65.1808776855469,FALSE
20080715,20.8914737701416,-116.361831665039,47.9435539245605,TRUE
20080715,20.9510288238525,-122.838119506836,60.5484924316406,FALSE
20080715,20.9602642059326,-124.249694824219,62.4856262207031,FALSE
20080715,20.975154876709,-126.890281677246,65.5556335449219,FALSE
20080715,20.9863204956055,-129.276092529297,67.8263778686523,NA
20080715,22.4501171112061,-135.085174560547,28.6943321228027,FALSE
20080715,22.5153255462646,-139.186630249023,42.7472686767578,FALSE
20080715,22.5208415985107,-139.599578857422,43.9461822509766,FALSE
20080715,22.5357303619385,-140.769149780273,47.1350555419922,FALSE
20080715,22.5674362182617,-143.693466186523,53.8741683959961,FALSE
20080715,22.5878372192383,-146.047348022461,58.1962699890137,FALSE
20080715,22.6176166534424,-150.549850463867,64.3971252441406,FALSE
20080716,10.5303449630737,-126.615669250488,31.994421005249,FALSE
20080716,12.1556272506714,-149.949752807617,36.9026527404785,NA
20080716,20.0242385864258,-108.859146118164,60.4334564208984,FALSE
20080717,11.0845518112183,-119.737770080566,67.5156097412109,FALSE
20080717,19.1386222839355,-102.838508605957,68.9478454589844,FALSE
20080717,19.1423435211182,-103.820587158203,69.6900634765625,FALSE
20080717,20.6172695159912,-108.45817565918,33.1294441223145,FALSE
20080717,20.6191959381104,-108.569229125977,33.5311546325684,FALSE
20080717,20.6936416625977,-113.920692443848,49.5265045166016,TRUE
20080717,20.7512664794922,-120.57869720459,61.7060241699219,FALSE
20080717,22.3267288208008,-137.38053894043,46.3320083618164,FALSE
20080717,22.3639507293701,-140.802810668945,54.261833190918,FALSE
20080717,22.4328804016113,-151.787719726562,68.5564422607422,FALSE
20080718,19.8265476226807,-106.955070495605,62.0770263671875,TRUE
20080718,21.4139537811279,-124.631874084473,49.2659454345703,FALSE
20080718,22.9939346313477,-144.423309326172,34.6478233337402,FALSE
20080719,20.5199356079102,-114.032691955566,56.2381858825684,FALSE
20080719,20.5255870819092,-114.696136474609,57.4148826599121,FALSE
20080719,20.5330333709717,-115.641311645508,58.9796562194824,TRUE
20080719,22.0395660400391,-128.9150390625,28.6834125518799,FALSE
20080719,22.1772899627686,-139.874328613281,58.1855545043945,FALSE
20080719,23.7062931060791,-154.70051574707,32.6982803344727,FALSE
20080719,23.7137393951416,-155.146530151367,34.3066291809082,FALSE
20080720,10.0059747695923,-111.408126831055,56.3662643432617,TRUE
20080720,21.1100997924805,-114.848045349121,28.0412349700928,FALSE
20080720,22.7735347747803,-140.415618896484,31.2875061035156,NA
20080720,22.7887020111084,-141.336318969727,34.6370277404785,NA
20080720,22.8948669433594,-150.194290161133,57.3392753601074,NA
20080721,10.7801685333252,-127.190963745117,45.1499290466309,NA
20080721,20.3388290405273,-114.121459960938,61.3056564331055,FALSE
20080721,21.8473205566406,-126.569602966309,31.4998512268066,FALSE
20080721,21.8584861755371,-127.229904174805,33.9137306213379,NA
20080721,21.9423065185547,-133.501403808594,51.8845710754395,NA
20080721,22.0036525726318,-141.628753662109,64.7658462524414,NA
20080721,22.020471572876,-145.159927368164,68.1757888793945,NA
20080721,23.5121192932129,-152.289657592773,35.1078872680664,NA
20080721,23.5605068206787,-155.633972167969,45.5169372558594,NA
20080721,23.5624351501465,-155.780700683594,45.9150810241699,NA
20080721,23.5716724395752,-156.541717529297,47.9059638977051,NA
20080721,23.5902843475342,-158.219833374023,51.8737602233887,NA
20080721,23.5959358215332,-158.771621704102,53.0596694946289,NA
20080721,23.6051731109619,-159.751525878906,55.0316352844238,NA
20080722,9.86143779754639,-113.867050170898,43.5183181762695,TRUE
20080722,9.93727016448975,-118.641105651855,27.0877132415771,NA
20080722,11.4563884735107,-133.895111083984,54.7655143737793,NA
20080722,11.5473890304565,-141.169982910156,35.283561706543,NA
20080722,13.0363121032715,-147.44416809082,68.9047164916992,NA
20080722,21.0412578582764,-122.364608764648,57.3015441894531,FALSE
20080722,22.5833587646484,-138.251251220703,34.6340675354004,NA
20080722,22.6440258026123,-142.546646118164,47.6746788024902,NA
20080723,13.7627410888672,-159.516220092773,67.871711730957,NA
20080723,20.0666236877441,-103.709922790527,47.1276512145996,TRUE
20080723,20.1130828857422,-108.297973632812,57.0135917663574,TRUE
20080723,21.6439075469971,-123.593200683594,31.9012680053711,FALSE
20080723,21.7202816009521,-128.895812988281,48.3135261535645,NA
20080723,21.7220764160156,-129.055755615234,48.7108192443848,NA
20080723,21.7686710357666,-133.941070556641,58.5720634460449,NA
20080723,21.811408996582,-141.208312988281,67.4233627319336,NA
20080723,23.293815612793,-148.421310424805,32.292121887207,NA
20080723,23.3404121398926,-151.430267333984,42.3212699890137,NA
20080723,23.4036903381348,-157.081268310547,55.8175735473633,NA
20080724,9.57267761230469,-102.255882263184,61.1435165405273,TRUE
20080724,9.58784484863281,-104.281265258789,58.0381851196289,TRUE
20080724,9.60301113128662,-106.090560913086,54.7689399719238,TRUE
20080724,9.61066341400146,-106.852172851562,53.2327842712402,TRUE
20080724,11.1904468536377,-121.37671661377,67.4518890380859,NA
20080724,11.1980991363525,-123.06029510498,65.8418960571289,FALSE
20080724,11.3572816848755,-138.996765136719,32.010627746582,NA
20080724,20.8059272766113,-116.057830810547,50.8633842468262,FALSE
20080725,19.8556995391846,-100.174911499023,45.934497833252,TRUE
20080725,19.857629776001,-100.323608398438,46.3331756591797,TRUE
20080725,19.8687953948975,-101.254135131836,48.7203750610352,TRUE
20080725,19.8743114471436,-101.746704101562,49.9110984802246,TRUE
20080725,19.88547706604,-102.795974731445,52.287899017334,TRUE
20080725,19.8929214477539,-103.54955291748,53.8680419921875,TRUE
20080725,19.8985748291016,-104.14722442627,55.0503349304199,TRUE
20080725,19.9189777374268,-106.631988525391,59.3617553710938,TRUE
20080725,19.9264221191406,-107.676895141602,60.9178123474121,TRUE
20080725,19.9357948303223,-109.119575500488,62.852970123291,TRUE
20080725,19.9395179748535,-109.745170593262,63.6227684020996,TRUE
20080725,23.1130142211914,-146.842346191406,37.5761528015137,FALSE
20080725,23.1837387084961,-152.442474365234,52.7238540649414,NA
20080725,23.1911811828613,-153.209182739258,54.302906036377,NA
20080725,23.2209606170654,-156.87890625,60.5695762634277,NA
20080725,23.2303333282471,-158.292221069336,62.5063285827637,NA
20080725,23.2340545654297,-158.904922485352,63.2775497436523,NA
20080725,23.2358474731445,-159.222473144531,63.6622505187988,NA
20080726,11.0912857055664,-131.866180419922,45.0835800170898,NA
20080726,11.0989379882812,-132.416244506836,43.5289535522461,NA
20080726,11.1064519882202,-132.99137878418,41.8292655944824,NA
20080726,12.6332235336304,-143.004531860352,67.4578628540039,NA
20080726,12.6938886642456,-152.44287109375,54.7741928100586,NA
20080726,12.7167081832886,-154.688842773438,49.9416198730469,NA
20080726,20.6537799835205,-119.366584777832,62.1174087524414,TRUE
20080726,20.6841125488281,-125.269134521484,68.3305130004883,NA
20080726,22.2335357666016,-136.382080078125,47.6889457702637,NA
20080727,19.6988182067871,-101.693405151367,56.2335472106934,TRUE
20080727,19.7025394439697,-102.131355285645,57.0181694030762,TRUE
20080727,19.7119140625,-103.301132202148,58.9743423461914,TRUE
20080727,19.7137069702148,-103.549285888672,59.3646278381348,TRUE
20080727,21.2676010131836,-119.907585144043,37.2772331237793,TRUE
20080727,21.2862110137939,-120.226821899414,38.3442687988281,TRUE
20080727,22.922327041626,-144.733810424805,40.7194557189941,NA
20080727,23.0414390563965,-158.163330078125,65.8970413208008,NA
20080727,23.0451602935791,-158.932830810547,66.6558303833008,NA
20080728,12.4280185699463,-139.92350769043,67.4548568725586,TRUE
20080728,20.2892589569092,-102.525756835938,28.1016883850098,NA
20080728,20.3422737121582,-105.742042541504,39.5649757385254,TRUE
20080728,20.4105930328369,-111.425582885742,54.1577568054199,FALSE
20080728,20.4484405517578,-116.28630065918,62.1222457885742,TRUE
20080729,19.5102005004883,-100.699317932129,59.7247009277344,TRUE
20080729,19.5139217376709,-101.220878601074,60.5028190612793,TRUE
20080729,19.5157146453857,-101.489906311035,60.8908958435059,TRUE
20080729,19.519437789917,-102.046272277832,61.6663856506348,TRUE
20080729,21.0247631072998,-114.148338317871,31.1906147003174,NA
20080730,9.12190914154053,-106.620300292969,25.8156604766846,FALSE
20080730,10.684983253479,-125.993209838867,44.2530899047852,FALSE
20080730,21.8657913208008,-134.449493408203,56.7765159606934,FALSE
20080731,9.67030239105225,-102.585990905762,62.789478302002,TRUE
20080731,9.74613475799561,-111.167922973633,46.770336151123,TRUE
20080731,19.3402938842773,-103.724548339844,67.0336608886719,TRUE
20080731,20.7965793609619,-109.790130615234,26.2360038757324,NA
20080731,20.9399528503418,-120.661323547363,56.9809112548828,FALSE
20080731,20.9566345214844,-122.851081848145,60.4960899353027,FALSE
20080731,20.9715232849121,-125.184272766113,63.5894660949707,NA
20080731,20.980899810791,-126.890235900879,65.5041732788086,NA
20090701,12.2657012939453,-135.603652954102,68.5825576782227,NA
20090701,12.3718690872192,-149.980758666992,46.2581443786621,FALSE
20090701,12.4703826904297,-156.210586547852,25.0657005310059,NA
20090701,21.8611526489258,-129.276184082031,45.5304527282715,FALSE
20090701,23.4173278808594,-148.181335449219,25.6494884490967,NA
20090701,23.5083274841309,-153.909454345703,45.2838287353516,FALSE
20090701,23.5159778594971,-154.538558959961,46.9795455932617,FALSE
20090701,23.5538272857666,-158.061309814453,54.9817886352539,NA
20090701,23.5614776611328,-158.955444335938,56.6548385620117,NA
20090702,9.75594329833984,-107.569862365723,54.9679489135742,FALSE
20090702,11.4017686843872,-132.043899536133,55.439395904541,FALSE
20090702,11.4472694396973,-136.265014648438,45.7481498718262,FALSE
20090702,11.515585899353,-140.788848876953,31.0471858978271,FALSE
20090703,10.504467010498,-121.069717407227,49.0874557495117,FALSE
20090703,10.5196332931519,-122.351303100586,45.7721290588379,FALSE
20090703,20.0541954040527,-105.884696960449,55.664134979248,FALSE
20090703,21.7530078887939,-138.243453979492,66.2519760131836,TRUE
20090704,9.55718421936035,-105.316757202148,53.2779006958008,FALSE
20090704,11.1878423690796,-128.127365112305,56.95947265625,FALSE
20090705,10.3129711151123,-119.245651245117,45.8141860961914,FALSE
20090705,10.3281373977661,-120.387100219727,42.5612716674805,FALSE
20090705,11.9436569213867,-142.488998413086,49.5974197387695,FALSE
20090705,11.9588251113892,-143.79118347168,46.2846260070801,FALSE
20090705,11.9739904403687,-144.947875976562,43.0321502685547,FALSE
20090705,13.5211925506592,-158.446365356445,64.4181289672852,NA
20090705,19.8629779815674,-104.595748901367,58.8072738647461,FALSE
20090707,10.0230760574341,-106.698089599609,63.5012359619141,FALSE
20090707,13.3224306106567,-156.721038818359,62.7697868347168,TRUE
20090707,19.6489429473877,-100.609680175781,57.3004493713379,FALSE
20090707,19.671760559082,-103.723838806152,62.0652008056641,FALSE
20090707,21.2492408752441,-120.612251281738,47.148609161377,FALSE
20090707,21.3023910522461,-125.9462890625,58.3485412597656,FALSE
20090707,22.8207168579102,-140.1611328125,30.5707569122314,NA
20090707,22.8662166595459,-142.98486328125,40.3916778564453,FALSE
20090707,22.881383895874,-144.088912963867,43.7230110168457,FALSE
20090707,22.9420490264893,-149.684356689453,56.6494789123535,TRUE
20090709,13.1160478591919,-153.64567565918,62.7514572143555,FALSE
20090709,21.0579948425293,-118.837585449219,50.4018859863281,FALSE
20090709,21.1034965515137,-123.916000366211,60.0234832763672,FALSE
20090709,22.7811641693115,-153.587310791016,66.1394882202148,FALSE
20090711,20.8893165588379,-119.75350189209,58.3268165588379,FALSE
20090711,20.8968334197998,-120.802032470703,59.9871978759766,FALSE
20090711,22.4454917907715,-136.310256958008,38.8071479797363,FALSE
20090711,22.4531421661377,-136.797515869141,40.3684387207031,FALSE
20090711,22.5289745330811,-143.491577148438,56.6265602111816,FALSE
20090712,10.3467769622803,-113.772010803223,60.2105674743652,FALSE
20090712,10.3771123886108,-117.449851989746,53.7483520507812,TRUE
20090712,10.4681119918823,-124.4716796875,34.2400207519531,FALSE
20090713,12.727879524231,-150.964401245117,57.5491676330566,FALSE
20090713,20.7078666687012,-120.353256225586,63.5676574707031,FALSE
20090714,21.3328762054443,-120.039909362793,39.139965057373,FALSE
20090715,12.5139799118042,-146.882415771484,59.1877746582031,FALSE
20090715,12.6731615066528,-159.307342529297,25.0488834381104,NA
20090715,20.395040512085,-106.12760925293,41.093563079834,FALSE
20090715,20.4178581237793,-107.812286376953,45.9779090881348,FALSE
20090715,20.463357925415,-112.067916870117,55.6670150756836,FALSE
20090715,20.4708728790283,-112.949264526367,57.2670974731445,TRUE
20090715,20.4785251617432,-113.856910705566,58.7929458618164,TRUE
20090715,23.6578140258789,-153.418823242188,33.8896636962891,NA
20090715,23.6956634521484,-155.88835144043,42.0620155334473,NA
20090715,23.7411613464355,-159.623413085938,51.7962265014648,NA
20090716,9.9283618927002,-106.871376037598,61.2572135925293,FALSE
20090716,11.6196880340576,-136.751800537109,52.1346054077148,FALSE
20090716,11.6500205993652,-139.36328125,45.7308311462402,FALSE
20090716,11.6651878356934,-140.52619934082,42.4054832458496,FALSE
20090716,11.6803541183472,-141.573669433594,39.143196105957,FALSE
20090716,11.6955213546753,-142.528198242188,35.9457092285156,FALSE
20090717,10.6311359405518,-114.674690246582,64.9971389770508,FALSE
20090717,10.6463041305542,-117.248687744141,61.8601608276367,TRUE
20090717,12.2845048904419,-140.308700561523,63.9557762145996,TRUE
20090717,20.294828414917,-114.170104980469,63.5644874572754,TRUE
20090717,21.7814407348633,-124.328193664551,29.1021938323975,FALSE
20090717,21.9406223297119,-138.509521484375,63.0945930480957,TRUE
20090717,23.4817676544189,-152.254684448242,40.3880577087402,FALSE
20090717,23.4969329833984,-153.358825683594,43.7200775146484,FALSE
20090719,20.0578079223633,-106.766311645508,57.2614936828613,FALSE
20090719,21.7415904998779,-136.771362304688,64.695442199707,FALSE
20090719,23.2980690002441,-150.829254150391,45.3049659729004,FALSE
20090720,9.54560279846191,-104.481719970703,54.9634094238281,FALSE
20090721,19.87424659729,-106.806838989258,62.0561027526855,TRUE
20090721,21.3758926391602,-118.591979980469,30.8106708526611,FALSE
20090721,21.4290428161621,-121.960372924805,42.260871887207,TRUE
20090722,9.33170509338379,-100.591621398926,56.4652786254883,FALSE
20090722,10.9320039749146,-117.951591491699,66.4013519287109,FALSE
20090723,10.0571918487549,-111.941795349121,55.468692779541,TRUE
20090723,10.178524017334,-121.104888916016,29.5118312835693,NA
20090723,11.763710975647,-141.868759155273,42.9970359802246,FALSE
20090725,9.850510597229,-108.835067749023,55.5001258850098,FALSE
20090725,21.0993347167969,-123.900726318359,60.002124786377,FALSE
20090725,21.1069850921631,-124.997596740723,61.5849761962891,FALSE
20090725,21.1296672821045,-129.003479003906,66.2801055908203,TRUE
20090725,22.6328277587891,-138.414108276367,35.4806327819824,FALSE
20090725,22.6708106994629,-140.994842529297,43.7156715393066,FALSE
20090726,10.5037803649902,-108.128158569336,69.5257720947266,FALSE
20090726,10.5492811203003,-116.869361877441,60.194881439209,TRUE
20090726,10.6099462509155,-123.331680297852,47.2707862854004,FALSE
20090726,10.6857805252075,-128.435134887695,31.019660949707,FALSE
20090727,9.63648319244385,-104.890007019043,57.0662536621094,TRUE
20090727,9.77298259735107,-115.362518310547,27.7949085235596,NA
20090727,9.7806339263916,-115.772735595703,26.151704788208,NA
20090727,11.3203210830688,-133.2333984375,49.5591697692871,FALSE
20090727,11.3809881210327,-137.73860168457,36.4662208557129,FALSE
20090727,11.3885021209717,-138.188446044922,34.9019393920898,NA
20090727,20.8096084594727,-112.700698852539,42.2993545532227,FALSE
20090727,20.8551082611084,-116.462501525879,52.0309906005859,FALSE
20090727,20.8626232147217,-117.184349060059,53.5718154907227,FALSE
20090727,20.8777885437012,-118.891082763672,56.8507537841797,FALSE
20090727,20.8929557800293,-120.832405090332,60.0376663208008,FALSE
20090727,20.9006080627441,-121.93204498291,61.620979309082,FALSE
20090727,20.9081230163574,-123.082176208496,63.1269454956055,FALSE
20090727,20.9232883453369,-125.946395874023,66.3149871826172,FALSE
20090727,22.3961143493652,-133.577941894531,29.0304775238037,NA
20090727,22.4189338684082,-134.891357421875,33.9516220092773,NA
20090727,22.4492683410645,-136.811111450195,40.4209899902344,FALSE
20090727,22.5706005096436,-150.50146484375,66.1474151611328,FALSE
20090728,10.3425979614258,-113.759895324707,60.2239723205566,TRUE
20090729,11.032377243042,-119.35075378418,66.5433197021484,TRUE
20090729,11.1688776016235,-134.298187255859,37.6507110595703,FALSE
20090729,11.1765279769897,-134.77897644043,36.0153121948242,FALSE
20090729,12.7995634078979,-157.852935791016,41.3860969543457,NA
20090729,20.6582202911377,-114.316032409668,54.028247833252,TRUE
20090729,20.6733894348145,-116.056930541992,57.3045616149902,TRUE
20090729,20.6962051391602,-119.171188354492,62.0690383911133,TRUE
20090729,23.8451614379883,-155.611038208008,30.577823638916,FALSE
20090729,23.8526782989502,-156.066986083984,32.2902793884277,FALSE
20090731,20.3302059173584,-102.413520812988,28.0076141357422,NA
20090731,20.48952293396,-116.062385559082,62.0447807312012,TRUE
20100701,19.6679039001465,-99.1190872192383,51.324634552002,FALSE
20100701,19.6883087158203,-101.222305297852,55.6677627563477,TRUE
20100701,19.6939582824707,-101.866027832031,56.8465843200684,TRUE
20100701,19.7125682830811,-104.297393798828,60.7529106140137,FALSE
20100701,21.2724494934082,-119.429695129395,36.9326972961426,FALSE
20100701,21.2779655456543,-119.52481842041,37.2532081604004,FALSE
20100701,21.2798938751221,-119.55672454834,37.3663940429688,FALSE
20100701,22.8709011077881,-141.861129760742,31.3199424743652,FALSE
20100701,22.8802757263184,-142.405914306641,33.3323364257812,FALSE
20100701,22.8820686340332,-142.517013549805,33.734619140625,FALSE
20100701,22.9118461608887,-144.415267944336,40.1563911437988,FALSE
20100701,22.9249420166016,-145.333084106445,42.9576988220215,FALSE
20100701,22.930456161499,-145.746505737305,44.1560668945312,FALSE
20100701,22.9341793060303,-146.029647827148,44.9544105529785,FALSE
20100701,22.9621639251709,-148.384017944336,50.9208030700684,FALSE
20100701,22.99001121521,-151.305068969727,56.8398017883301,FALSE
20100702,12.5712890625,-156.521133422852,35.4318351745605,FALSE
20100702,23.5738716125488,-151.660263061523,27.377477645874,NA
20100702,23.5890369415283,-152.485702514648,30.5890693664551,FALSE
20100702,23.6648712158203,-157.600921630859,46.9910583496094,FALSE
20100703,8.27973079681396,-88.1464920043945,50.0889091491699,TRUE
20100703,8.34804916381836,-93.1752700805664,35.4383926391602,FALSE
20100703,8.37073040008545,-94.52197265625,30.5224227905273,FALSE
20100703,8.37307739257812,-94.6509704589844,30.0296401977539,FALSE
20100703,9.9657506942749,-115.915161132812,41.8971481323242,FALSE
20100704,12.3522214889526,-152.636322021484,38.147819519043,FALSE
20100704,12.3825550079346,-154.494827270508,31.5997295379639,FALSE
20100704,12.3977212905884,-155.350708007812,28.3178634643555,FALSE
20100704,18.5196075439453,-80.7765502929688,48.0844039916992,FALSE
20100704,21.7960910797119,-128.63037109375,43.7995491027832,FALSE
20100704,23.3980960845947,-150.303665161133,33.9346160888672,FALSE
20100704,23.426082611084,-152.069702148438,39.9138870239258,FALSE
20100705,8.12146854400635,-88.7656173706055,39.8562126159668,FALSE
20100705,8.16696929931641,-91.5632019042969,30.035270690918,FALSE
20100705,11.3751344680786,-135.000869750977,48.881649017334,FALSE
20100705,11.4335908889771,-139.247817993164,36.4164009094238,FALSE
20100706,12.1995449066162,-152.691116333008,26.6206092834473,FALSE
20100706,19.9419498443604,-100.820243835449,43.7922439575195,FALSE
20100706,23.1768226623535,-146.309280395508,30.5800724029541,FALSE
20100707,7.8903341293335,-83.8689498901367,45.234691619873,FALSE
20100707,7.9077091217041,-85.1783142089844,41.419075012207,FALSE
20100707,7.95320844650269,-88.0612716674805,31.6064453125,FALSE
20100707,11.1918430328369,-133.742874145508,44.0165901184082,NA
20100708,21.3591251373291,-120.726539611816,38.4711723327637,FALSE
20100708,21.3766384124756,-121.944694519043,42.2962226867676,FALSE
20100710,11.7721347808838,-145.659393310547,29.9882545471191,FALSE
20100710,22.8077621459961,-142.80632019043,39.9071350097656,FALSE
20100711,7.51831293106079,-80.513542175293,36.5201034545898,FALSE
20100711,7.52582788467407,-80.9638061523438,34.9559707641602,FALSE
20100711,7.55616092681885,-82.7413330078125,28.3254280090332,NA
20100711,7.56381273269653,-83.1547698974609,26.6824169158936,NA
20100711,7.56911754608154,-83.4211196899414,25.6051864624023,NA
20100711,7.57132816314697,-83.5420532226562,25.1115550994873,NA
20100711,9.11863803863525,-101.84008026123,46.786563873291,FALSE
20100712,19.2882404327393,-89.1713256835938,36.2463264465332,NA
20100712,19.3185729980469,-91.2132568359375,42.7771263122559,NA
20100712,19.3238792419434,-91.5791091918945,43.844669342041,NA
20100712,19.333740234375,-92.3628463745117,46.0295639038086,NA
20100714,23.990592956543,-158.152465820312,28.5322437286377,NA
20100716,18.9234657287598,-86.3473281860352,46.4555053710938,TRUE
20100716,22.1922969818115,-133.765289306641,40.6051712036133,FALSE
20100717,8.57602119445801,-97.6308288574219,30.5317630767822,NA
20100718,18.6793746948242,-80.525749206543,38.3214454650879,TRUE
20100718,20.2796993255615,-102.398345947266,28.003288269043,FALSE
20100718,21.9308300018311,-127.269104003906,28.591926574707,FALSE
20100718,23.5805721282959,-152.102569580078,29.0259265899658,NA
20100718,23.6109046936035,-153.859634399414,35.5125350952148,NA
20100718,23.6185550689697,-154.357543945312,37.2201118469238,NA
20100718,23.6337223052979,-155.338989257812,40.4153900146484,NA
20100719,10.018084526062,-119.268287658691,30.5157146453857,FALSE
20100719,11.5880794525146,-138.754837036133,47.2493133544922,NA
20100720,10.6525115966797,-124.106880187988,49.1256866455078,FALSE
20100720,10.6980104446411,-127.564384460449,39.3694343566895,FALSE
20100720,10.7435111999512,-130.337539672852,29.5462970733643,FALSE
20100720,12.3893661499023,-154.933837890625,30.0227584838867,FALSE
20100720,12.4045305252075,-155.788818359375,26.6664695739746,FALSE
20100721,8.11802673339844,-88.6207504272461,40.3824348449707,FALSE
20100722,12.0922546386719,-145.550140380859,49.579948425293,NA
20100722,12.1582279205322,-150.373718261719,35.4158973693848,NA
20100722,19.950963973999,-101.638427734375,46.0174179077148,FALSE
20100723,7.92178153991699,-86.2184448242188,38.1682167053223,FALSE
20100723,7.94459915161133,-87.6325531005859,33.2595977783203,FALSE
20100723,9.62827110290527,-114.334632873535,25.6169929504395,NA
20100724,19.7349967956543,-97.7746810913086,43.8543090820312,FALSE
20100725,7.6778244972229,-80.4111557006836,46.2890357971191,NA
20100725,7.71567440032959,-83.1360702514648,38.1445121765137,FALSE
20100725,7.72862863540649,-83.9322280883789,35.4374313354492,FALSE
20100725,7.73849010467529,-84.5495529174805,33.236198425293,FALSE
20100725,7.7536563873291,-85.4080810546875,30.0287590026855,NA
20100725,10.9543085098267,-128.141204833984,50.562313079834,NA
20100725,10.9618244171143,-128.846572875977,48.8744888305664,NA
20100726,11.7457313537598,-144.191146850586,35.4312744140625,FALSE
20100728,19.339879989624,-92.9963302612305,47.6574592590332,TRUE
20100729,10.5394411087036,-121.747619628906,51.056282043457,TRUE
20100730,11.3127689361572,-136.691467285156,39.8410720825195,FALSE
20100730,11.3431024551392,-138.630767822266,33.2277679443359,FALSE
20100730,11.3559236526489,-139.360260009766,30.5134449005127,FALSE
20100730,19.0424976348877,-83.8740234375,28.0311317443848,FALSE
20100730,19.0501480102539,-84.2764739990234,29.6010818481445,FALSE
20100730,19.0728302001953,-85.6030883789062,34.5192832946777,FALSE
20100730,20.7793216705322,-114.430191040039,47.1518478393555,FALSE
20100730,22.3582305908203,-134.423080444336,32.2680740356445,FALSE
20100730,22.4340648651123,-139.711669921875,48.5780067443848,FALSE
20100731,8.7805233001709,-100.721328735352,30.5630130767822,FALSE
20100731,10.3329753875732,-118.64038848877,51.0969657897949,TRUE
